Name,Score,Review,Link,Addr
개성면옥,1.8,16,https://place.map.kakao.com/24374442,"
서울 구로구 가마산로 204
(지번) 구로동 426-167
"
송주불냉면 구로1점,,9,https://place.map.kakao.com/26874661,"
서울 구로구 구로동로 100 1층
(지번) 구로동 738-47
"
육쌈냉면 가산디지털1호점,2.5,9,https://place.map.kakao.com/2082674867,"
서울 금천구 가마산로 96 대륭테크노타운8차 112호
(지번) 가산동 481-11
"
함흥면옥,0.0,0,https://place.map.kakao.com/21231402,"
서울 구로구 구로동로 112-1
(지번) 구로동 736-8
"
정인면옥평양냉면,4.2,203,https://place.map.kakao.com/17418077,"
경기 광명시 목감로268번길 27-1
(지번) 광명동 91-10
"
금성칡냉면,5.0,2,https://place.map.kakao.com/16083928,"
서울 금천구 가산디지털1로 196 에이스테크노타워10차 지하 1층 102호
(지번) 가산동 470-5
"
대한냉면,0.0,0,https://place.map.kakao.com/1305580883,"
서울 구로구 구로중앙로 88
(지번) 구로동 442-82
"
황가네함흥냉면,4.2,9,https://place.map.kakao.com/16306068,"
서울 구로구 개봉로 52-1
(지번) 개봉동 403-66
"
함흥냉면,0.0,1,https://place.map.kakao.com/16936822,"
서울 구로구 구로중앙로 198
(지번) 구로동 604-1
"
명가함흥 고척점,4.7,4,https://place.map.kakao.com/16591726,"
서울 구로구 경인로47다길 8
(지번) 고척동 46-21
"
화평동왕냉면 개봉점,3.2,5,https://place.map.kakao.com/10970652,"
서울 구로구 경인로40길 12
(지번) 개봉동 178-13
"
송주불냉면 가산디지털점,0.0,13,https://place.map.kakao.com/1648063655,"
서울 금천구 가산디지털1로 171 124호
(지번) 가산동 371-41
"
화평동왕냉면 구로공구점,1.5,0,https://place.map.kakao.com/16501876,"
서울 구로구 구로중앙로 219
(지번) 구로동 612-2
"
용정냉면,0.0,0,https://place.map.kakao.com/15745080,"
서울 구로구 구로동로28길 100
(지번) 구로4동 317-21
"
하동냉면,0.0,1,https://place.map.kakao.com/20528082,"
서울 구로구 공원로9길 19
(지번) 구로동 547-1
"
개성면옥,1.8,16,https://place.map.kakao.com/24374442,"
서울 구로구 가마산로 204
(지번) 구로동 426-167
"
송주불냉면 구로1점,,9,https://place.map.kakao.com/26874661,"
서울 구로구 구로동로 100 1층
(지번) 구로동 738-47
"
육쌈냉면 가산디지털1호점,2.5,9,https://place.map.kakao.com/2082674867,"
서울 금천구 가마산로 96 대륭테크노타운8차 112호
(지번) 가산동 481-11
"
함흥면옥,0.0,0,https://place.map.kakao.com/21231402,"
서울 구로구 구로동로 112-1
(지번) 구로동 736-8
"
정인면옥평양냉면,4.2,203,https://place.map.kakao.com/17418077,"
경기 광명시 목감로268번길 27-1
(지번) 광명동 91-10
"
금성칡냉면,5.0,2,https://place.map.kakao.com/16083928,"
서울 금천구 가산디지털1로 196 에이스테크노타워10차 지하 1층 102호
(지번) 가산동 470-5
"
대한냉면,0.0,0,https://place.map.kakao.com/1305580883,"
서울 구로구 구로중앙로 88
(지번) 구로동 442-82
"
황가네함흥냉면,4.2,9,https://place.map.kakao.com/16306068,"
서울 구로구 개봉로 52-1
(지번) 개봉동 403-66
"
함흥냉면,0.0,1,https://place.map.kakao.com/16936822,"
서울 구로구 구로중앙로 198
(지번) 구로동 604-1
"
명가함흥 고척점,4.7,4,https://place.map.kakao.com/16591726,"
서울 구로구 경인로47다길 8
(지번) 고척동 46-21
"
화평동왕냉면 개봉점,3.2,5,https://place.map.kakao.com/10970652,"
서울 구로구 경인로40길 12
(지번) 개봉동 178-13
"
송주불냉면 가산디지털점,0.0,13,https://place.map.kakao.com/1648063655,"
서울 금천구 가산디지털1로 171 124호
(지번) 가산동 371-41
"
화평동왕냉면 구로공구점,1.5,0,https://place.map.kakao.com/16501876,"
서울 구로구 구로중앙로 219
(지번) 구로동 612-2
"
용정냉면,0.0,0,https://place.map.kakao.com/15745080,"
서울 구로구 구로동로28길 100
(지번) 구로4동 317-21
"
하동냉면,0.0,1,https://place.map.kakao.com/20528082,"
서울 구로구 공원로9길 19
(지번) 구로동 547-1
"
연길냉면,2.6,3,https://place.map.kakao.com/16301847,"
서울 영등포구 대림로29길 42 1층
(지번) 대림동 807-13
"
대가칡냉면,3.3,5,https://place.map.kakao.com/8839552,"
서울 구로구 경인로59길 8
(지번) 신도림동 437-1
"
평양냉면,3.7,101,https://place.map.kakao.com/25049372,"
서울 구로구 고척로10길 65
(지번) 오류동 13-55
"
태천옥,3.5,14,https://place.map.kakao.com/19601378,"
서울 구로구 개봉로 9 1층
(지번) 개봉동 403-95
"
심양대냉면,0.0,0,https://place.map.kakao.com/823979274,"
서울 구로구 구로동로 86
(지번) 구로동 807-16
"
씨따따대냉면,0.0,0,https://place.map.kakao.com/1857876541,"
서울 구로구 구로중앙로 27-1
(지번) 구로동 136-39
"
연변냉면,1.3,0,https://place.map.kakao.com/21560137,"
서울 영등포구 도림로 136
(지번) 대림2동 1050-1
"
길향냉면,0.0,0,https://place.map.kakao.com/1054634327,"
서울 구로구 구로중앙로8길 30
(지번) 구로동 123-13
"
서탑대냉면,0.0,0,https://place.map.kakao.com/293780000,"
서울 구로구 구로동로 15
(지번) 가리봉동 121-21
"
연길순희냉면,5.0,2,https://place.map.kakao.com/1191949388,"
서울 구로구 우마길 14
(지번) 가리봉동 124-11
"
소바애,0.0,1,https://place.map.kakao.com/852881645,"
서울 구로구 디지털로31길 90 삼성래미안아파트 상가동 103호
(지번) 구로동 256-1
"
청천면옥,5.0,0,https://place.map.kakao.com/858986681,"
서울 구로구 공원로8길 11 1층
(지번) 구로동 23
"
육천냉면,0.0,0,https://place.map.kakao.com/17164381,"
경기 광명시 시청로 61-1
(지번) 철산2동 160-3
"
함흥냉면,3.2,110,https://place.map.kakao.com/10643743,"
서울 영등포구 영등포로42길 6
(지번) 영등포동3가 7-32
"
해주냉면,3.6,15,https://place.map.kakao.com/16511269,"
경기 광명시 광이로13번길 21 1층
(지번) 광명동 158-57
"
본함흥냉면곰탕,0.0,0,https://place.map.kakao.com/1999358296,"
서울 구로구 개봉로16가길 11
(지번) 개봉동 261-9
"
연변냉면 대림2호점,4.0,0,https://place.map.kakao.com/14659812,"
서울 영등포구 도림로31길 4
(지번) 대림동 1052-40
"
평미가,3.2,26,https://place.map.kakao.com/12711142,"
서울 양천구 목동동로10길 16
(지번) 신정2동 294-12
"
연변냉면,0.0,0,https://place.map.kakao.com/116485859,"
서울 구로구 우마길 22 1층
(지번) 가리봉동 125-4
"
서탑대냉면,0.0,0,https://place.map.kakao.com/60881250,"
서울 구로구 도림로23길 2
(지번) 구로동 148-13
"
옥천냉면,0.0,1,https://place.map.kakao.com/15462842,"
서울 구로구 새말로 97
(지번) 구로동 3-25
"
연변복무대로냉면,0.0,1,https://place.map.kakao.com/1155682717,"
서울 영등포구 디지털로37길 22
(지번) 대림동 1068-7
"
나루터냉면&오코노미야끼,4.4,21,https://place.map.kakao.com/1817587298,"
경기 광명시 오리로 925 1층
(지번) 광명동 158-237
"
연길순희냉면,0.0,0,https://place.map.kakao.com/21851743,"
서울 영등포구 디지털로37길 25-1
(지번) 대림동 1068-18
"
뚱보냉면,2.8,19,https://place.map.kakao.com/19897866,"
경기 광명시 광이로13번길 9-18 1층
(지번) 광명동 158-18
"
속초코다리냉면,3.0,0,https://place.map.kakao.com/996168462,"
경기 광명시 시청로 45
(지번) 철산동 162
"
시장칡냉면,0.0,0,https://place.map.kakao.com/610040218,"
서울 구로구 경서로 55
(지번) 고척동 136
"
설악산냉면,0.0,0,https://place.map.kakao.com/27359950,"
서울 영등포구 대림로29길 23
(지번) 대림동 714
"
금단냉면,0.0,0,https://place.map.kakao.com/18856002,"
서울 구로구 우마길 22
(지번) 가리봉동 125-4
"
신장면옥,3.8,5,https://place.map.kakao.com/1327120030,"
서울 금천구 가산로 106 101호
(지번) 가산동 772
"
송주불냉면 독산본점,4.1,13,https://place.map.kakao.com/16503356,"
서울 금천구 시흥대로138길 29
(지번) 독산동 988-9
"
율촌냉면식당,0.0,0,https://place.map.kakao.com/21310124,"
경기 광명시 철산로 15
(지번) 철산동 245-9
"
육쌈냉면 광명사거리점,4.3,7,https://place.map.kakao.com/26639808,"
경기 광명시 오리로 961 2층
(지번) 광명동 158-495
"
팔당냉면 구로점,3.0,0,https://place.map.kakao.com/622329888,"
서울 구로구 디지털로34길 27
(지번) 구로동 182-4
"
육쌈냉면 구로점,1.4,18,https://place.map.kakao.com/27594266,"
서울 구로구 시흥대로 569 202호
(지번) 구로동 1125-2
"
진달래냉면,0.0,0,https://place.map.kakao.com/1938409672,"
서울 구로구 남부순환로105길 104
(지번) 가리봉동 124-30
"
왕냉면왕돈까스,5.0,0,https://place.map.kakao.com/16069602,"
서울 양천구 목동로3길 57 106호
(지번) 신정동 276
"
대림심양불고기냉면집,0.0,1,https://place.map.kakao.com/111592482,"
서울 영등포구 도림천로 367
(지번) 대림동 1053-12
"
개봉칡냉면 본점,3.0,0,https://place.map.kakao.com/16535121,"
서울 구로구 경인로35길 113-17
(지번) 고척동 273-3
"
대동면옥,4.5,0,https://place.map.kakao.com/16507216,"
서울 금천구 가산로5길 65
(지번) 가산동 235-61
"
광명면옥,,37,https://place.map.kakao.com/26639653,"
경기 광명시 오리로 627 1,2층
(지번) 하안동 322-6
"
코다리황재냉면,3.4,0,https://place.map.kakao.com/26864998,"
서울 영등포구 영등포로 86
(지번) 양평동1가 9-3
"
30년전통 속초코다리냉면,0.0,1,https://place.map.kakao.com/1959739506,"
경기 광명시 오리로 936 2층
(지번) 광명동 37-1
"
유천칡냉면,0.0,0,https://place.map.kakao.com/1026639466,"
서울 영등포구 대림로 202
(지번) 대림동 689
"
우리면옥,0.0,0,https://place.map.kakao.com/16560056,"
서울 구로구 새말로 97
(지번) 구로동 3-25
"
송주불냉면 독산본점,4.1,13,https://place.map.kakao.com/16503356,"
서울 금천구 시흥대로138길 29
(지번) 독산동 988-9
"
율촌냉면식당,0.0,0,https://place.map.kakao.com/21310124,"
경기 광명시 철산로 15
(지번) 철산동 245-9
"
육쌈냉면 광명사거리점,4.3,7,https://place.map.kakao.com/26639808,"
경기 광명시 오리로 961 2층
(지번) 광명동 158-495
"
팔당냉면 구로점,3.0,0,https://place.map.kakao.com/622329888,"
서울 구로구 디지털로34길 27
(지번) 구로동 182-4
"
육쌈냉면 구로점,1.4,18,https://place.map.kakao.com/27594266,"
서울 구로구 시흥대로 569 202호
(지번) 구로동 1125-2
"
진달래냉면,0.0,0,https://place.map.kakao.com/1938409672,"
서울 구로구 남부순환로105길 104
(지번) 가리봉동 124-30
"
왕냉면왕돈까스,5.0,0,https://place.map.kakao.com/16069602,"
서울 양천구 목동로3길 57 106호
(지번) 신정동 276
"
대림심양불고기냉면집,0.0,1,https://place.map.kakao.com/111592482,"
서울 영등포구 도림천로 367
(지번) 대림동 1053-12
"
개봉칡냉면 본점,3.0,0,https://place.map.kakao.com/16535121,"
서울 구로구 경인로35길 113-17
(지번) 고척동 273-3
"
대동면옥,4.5,0,https://place.map.kakao.com/16507216,"
서울 금천구 가산로5길 65
(지번) 가산동 235-61
"
광명면옥,,37,https://place.map.kakao.com/26639653,"
경기 광명시 오리로 627 1,2층
(지번) 하안동 322-6
"
코다리황재냉면,3.4,0,https://place.map.kakao.com/26864998,"
서울 영등포구 영등포로 86
(지번) 양평동1가 9-3
"
30년전통 속초코다리냉면,0.0,1,https://place.map.kakao.com/1959739506,"
경기 광명시 오리로 936 2층
(지번) 광명동 37-1
"
유천칡냉면,0.0,0,https://place.map.kakao.com/1026639466,"
서울 영등포구 대림로 202
(지번) 대림동 689
"
우리면옥,0.0,0,https://place.map.kakao.com/16560056,"
서울 구로구 새말로 97
(지번) 구로동 3-25
"
송주불냉면 하안점,2.0,7,https://place.map.kakao.com/25991851,"
경기 광명시 범안로 1050 2층
(지번) 하안동 36-4
"
화평동왕냉면,0.0,0,https://place.map.kakao.com/20544495,"
서울 영등포구 신길로1길 19
(지번) 대림동 942-23
"
광명별미냉면,0.0,0,https://place.map.kakao.com/545571712,"
경기 광명시 광이로13번길 17-6
(지번) 광명동 158-49
"
명동면옥,2.6,9,https://place.map.kakao.com/243673942,"
서울 영등포구 당산로28길 4 1층
(지번) 당산동3가 290
"
계서대냉면,0.0,0,https://place.map.kakao.com/561836110,"
서울 영등포구 대림로 146
(지번) 대림동 700-4
"
오장동함흥냉면 영등포점,1.5,0,https://place.map.kakao.com/1277017162,"
서울 영등포구 영중로 9 신세계백화점 영등포점 지하1층
(지번) 영등포동4가 434-5
"
룡정냉면,5.0,0,https://place.map.kakao.com/1749498730,"
서울 금천구 시흥대로138길 29 1층
(지번) 독산동 988-9
"
연변창성냉면,0.0,0,https://place.map.kakao.com/16797384,"
서울 영등포구 디지털로51길 9-1 2층
(지번) 대림동 1075-33
"
김영희아구찜코다리냉면,1.0,4,https://place.map.kakao.com/1310914935,"
서울 금천구 독산로85길 36
(지번) 독산동 989
"
육쌈냉면 목동로데오점,1.9,8,https://place.map.kakao.com/26809306,"
서울 양천구 신정중앙로 107
(지번) 신정동 900-13
"
속초코다리냉면 타임스퀘어점,3.1,45,https://place.map.kakao.com/787115726,"
서울 영등포구 영중로 15 지하1층
(지번) 영등포동4가 442-1
"
고려냉면,0.0,0,https://place.map.kakao.com/917993608,"
서울 영등포구 디지털로54길 25
(지번) 대림동 1024-23
"
대한냉면 영등포점,0.0,5,https://place.map.kakao.com/887551749,"
서울 영등포구 당산로10길 17 1층
(지번) 당산동1가 256-88
"
조선대냉면,0.0,0,https://place.map.kakao.com/1208970468,"
서울 영등포구 대림로 146
(지번) 대림동 700
"
선조냉면&설렁탕,0.0,0,https://place.map.kakao.com/2116205196,"
서울 금천구 남부순환로112길 31
(지번) 가산동 151-1
"
육쌈냉면 목동점,4.3,10,https://place.map.kakao.com/14566054,"
서울 양천구 목동서로 155 목동파라곤 지하1층 112호
(지번) 목동 917
"
씨원냉면,0.0,0,https://place.map.kakao.com/719584567,"
서울 관악구 난곡로63길 54
(지번) 신림동 1484-16
"
메디쿡,0.0,0,https://place.map.kakao.com/320576802,"
서울 구로구 고척로20길 70-4
(지번) 개봉동 70-93
"
차고집냉면 양천점,3.4,1,https://place.map.kakao.com/1797014402,"
서울 양천구 오목로30길 23 1층
(지번) 신정동 966-26
"
대한냉면 금천점,0.0,0,https://place.map.kakao.com/195816813,"
서울 금천구 시흥대로123길 38 1층
(지번) 독산동 296-24
"
에블바리 차차숯불냉면,5.0,0,https://place.map.kakao.com/281005109,"
서울 영등포구 영신로34길 32
(지번) 영등포동4가 75-1
"
오송삼천냉면,0.0,0,https://place.map.kakao.com/16620279,"
서울 영등포구 경인로 775
(지번) 문래동3가 55-20
"
유천냉면 목동점,0.0,3,https://place.map.kakao.com/1874423805,"
서울 양천구 목동동로 309 중소기업유통센터 5층
(지번) 목동 917-6
"
불독냉면 광명점,4.0,0,https://place.map.kakao.com/17714056,"
경기 광명시 광화로 14-6
(지번) 광명동 348-11
"
왕세숫대야냉면,4.5,0,https://place.map.kakao.com/62218298,"
서울 영등포구 당산로20길 2
(지번) 당산동1가 346-3
"
청학칡냉면 신월점,0.0,8,https://place.map.kakao.com/27435870,"
서울 양천구 남부순환로79길 13
(지번) 신월동 549-15
"
정가칡냉면&돈까스,4.2,1,https://place.map.kakao.com/1617216060,"
서울 영등포구 영등포로 106
(지번) 당산동2가 16-1
"
남부생생면옥,4.8,3,https://place.map.kakao.com/1704928856,"
서울 관악구 남부순환로161길 9 1층
(지번) 신림동 487-1
"
팔당냉면 광명뉴코아점,1.0,4,https://place.map.kakao.com/2046912837,"
경기 광명시 하안로287번길 8 지하1층
(지번) 하안동 38
"
목동평양면옥,4.0,24,https://place.map.kakao.com/1498313811,"
서울 양천구 목동서로 57
(지번) 목동 907-10
"
다흰함흥냉면,0.0,0,https://place.map.kakao.com/13321413,"
서울 영등포구 영중로 14
(지번) 영등포동3가 9-8
"
초계명가냉면,4.0,0,https://place.map.kakao.com/2140022134,"
서울 영등포구 선유동1로2길 5
(지번) 당산동2가 90
"
장가네세숫대야냉면,0.0,0,https://place.map.kakao.com/17965010,"
서울 금천구 독산로64길 15
(지번) 독산동 1041-33
"
국보냉면,0.0,2,https://place.map.kakao.com/1713587468,"
서울 영등포구 대방천로 187
(지번) 신길동 3741-45
"
만주냉면,0.0,0,https://place.map.kakao.com/1496666611,"
서울 양천구 은행정로4길 8
(지번) 신정동 1020-5
"
냉면박사 만두대장,0.0,0,https://place.map.kakao.com/618333439,"
서울 양천구 오목로52길 17
(지번) 목동 408-64
"
고향냉면,5.0,0,https://place.map.kakao.com/536735724,"
서울 영등포구 도신로 193
(지번) 신길동 192
"
송주불냉면 신림점,1.9,25,https://place.map.kakao.com/1775410362,"
서울 관악구 관천로18길 45
(지번) 신림동 1454-4
"
신면옥,3.8,8,https://place.map.kakao.com/13079328,"
서울 영등포구 영등포로 363-1 1층
(지번) 신길동 98-46
"
냉면쟁이고기꾼,0.0,0,https://place.map.kakao.com/1818499278,"
서울 금천구 문성로 37
(지번) 독산동 894-22
"
이주원 함흥냉면돌솥갈비탕,3.0,0,https://place.map.kakao.com/1651396469,"
서울 관악구 봉천로 190
(지번) 신림동 1445-14
"
굴국밥 함흥냉면,0.0,0,https://place.map.kakao.com/23387942,"
서울 영등포구 영등포로 199
(지번) 영등포동6가 80-2
"
이함흥냉면,3.6,11,https://place.map.kakao.com/21296237,"
서울 강서구 강서로5다길 9
(지번) 화곡동 908-16
"
한솔냉면 현대백화점 목동점,0.0,1,https://place.map.kakao.com/1700839491,"
서울 양천구 목동동로 257 지하2층
(지번) 목동 916
"
불쌈냉면,0.0,0,https://place.map.kakao.com/929557377,"
서울 영등포구 선유동1로2길 5 1층
(지번) 당산동2가 90
"
보니따 양천점,0.0,0,https://place.map.kakao.com/5128640,"
서울 양천구 은행정로4길 5-1 1층
(지번) 신정동 1019-14
"
함북칡냉면&1인쌈밥,0.0,0,https://place.map.kakao.com/1293764866,"
서울 양천구 은행정로7길 10
(지번) 신정동 980-4
"
쿨냉면관,5.0,0,https://place.map.kakao.com/27295368,"
서울 영등포구 영신로 3
(지번) 도림동 1-28
"
삼오냉면 신정점,0.0,0,https://place.map.kakao.com/16094391,"
서울 양천구 중앙로43길 7
(지번) 신정동 1183-1
"
고향냉면,0.0,0,https://place.map.kakao.com/16795301,"
서울 영등포구 신길로 182
(지번) 신길동 223-7
"
오장면옥,2.9,11,https://place.map.kakao.com/11185273,"
서울 관악구 봉천로 227
(지번) 봉천동 972-5
"
본가칡냉면,4.6,5,https://place.map.kakao.com/9046362,"
서울 구로구 경인로 18
(지번) 오류동 108-75
"
함흥냉면,4.8,0,https://place.map.kakao.com/814737941,"
서울 관악구 봉천로 227 1층
(지번) 봉천동 972-5
"
씨원냉면,0.0,0,https://place.map.kakao.com/1840936377,"
서울 동작구 여의대방로24길 22
(지번) 신대방동 362-17
"
팔공냉면,0.0,0,https://place.map.kakao.com/1272441362,"
서울 관악구 조원로 160
(지번) 신림동 469
"
귀빈면옥,0.0,0,https://place.map.kakao.com/21414074,"
서울 영등포구 영중로 9 신세계백화점 영등포점 A관 지하1층
(지번) 영등포동4가 434-5
"
왕돈까스&왕냉면 목동점,2.5,9,https://place.map.kakao.com/26782031,"
서울 강서구 등촌로 25
(지번) 화곡동 781-1
"
이박사냉면,3.0,1,https://place.map.kakao.com/18206218,"
서울 관악구 난우길 24-1
(지번) 신림동 601-13
"
화평동세숫대야냉면,0.0,0,https://place.map.kakao.com/1308061435,"
서울 구로구 오리로 1281 1층
(지번) 궁동 285-2
"
청년냉면,0.0,0,https://place.map.kakao.com/817063273,"
서울 금천구 범안로 1236
(지번) 독산동 1032-3
"
유정우함흥냉면,0.0,0,https://place.map.kakao.com/1197654338,"
서울 관악구 봉천로 190
(지번) 신림동 1445-14
"
왕냉면왕돈까스,4.1,0,https://place.map.kakao.com/15800810,"
서울 관악구 당곡길 6
(지번) 봉천동 970-21
"
육쌈냉면 신림점,2.1,44,https://place.map.kakao.com/10667541,"
서울 관악구 신림로59길 15-13
(지번) 신림동 1638-20
"
이촌냉면,0.0,0,https://place.map.kakao.com/17681603,"
서울 영등포구 영등포로 지하 221 영등포지하상가
(지번) 영등포동3가 31
"
냉면을부탁해 목동직영점,0.0,8,https://place.map.kakao.com/264344147,"
서울 양천구 목동중앙서로 43
(지번) 목동 774-9
"
오장동흥남집 신림직영점,3.2,14,https://place.map.kakao.com/16505513,"
서울 관악구 신림로 299
(지번) 신림동 1637-11
"
수라냉면,3.6,10,https://place.map.kakao.com/16381973,"
서울 금천구 금하로 633-1 1층
(지번) 시흥동 879-24
"
함흥냉면,3.7,0,https://place.map.kakao.com/16823077,"
서울 강서구 곰달래로49길 17
(지번) 화곡동 836-1
"
정인면옥 본점,3.6,289,https://place.map.kakao.com/23699720,"
서울 영등포구 국회대로76길 10 기독교침례회총회빌딩 1층
(지번) 여의도동 13-1
"
설악산칡냉면 본점,3.5,49,https://place.map.kakao.com/16622224,"
서울 양천구 목동중앙남로3가길 59
(지번) 목동 722-5
"
여우골냉면,3.7,1,https://place.map.kakao.com/20532938,"
서울 금천구 독산로40길 20
(지번) 시흥동 804-7
"
BJ냉면,4.0,2,https://place.map.kakao.com/484336208,"
서울 동작구 보라매로3길 29 해태보라매타워 지하1층 77, 82호
(지번) 신대방동 708
"
차고집냉면 동작점,4.0,11,https://place.map.kakao.com/919832917,"
서울 동작구 국사봉길 74 1층 106호
(지번) 상도동 299-58
"
명가냉면,4.0,0,https://place.map.kakao.com/1886079530,"
서울 강서구 곰달래로53길 15
(지번) 화곡동 800-2
"
지랄냉면,0.0,0,https://place.map.kakao.com/1610709809,"
서울 금천구 시흥대로88가길 23 1층
(지번) 독산동 1064-29
"
청수,2.9,170,https://place.map.kakao.com/20746105,"
서울 영등포구 국제금융로 112
(지번) 여의도동 53-11
"
선주후면 어만두,4.0,72,https://place.map.kakao.com/1048672020,"
서울 영등포구 국제금융로2길 37 스퀘어가든 지하1층 102호
(지번) 여의도동 26
"
킹열무냉면 보라매점,0.0,0,https://place.map.kakao.com/1607118690,"
서울 동작구 보라매로5길 43 보라매삼성쉐르빌 지하 1층 104호
(지번) 신대방동 395-66
"
팔당냉면 신림점,0.0,0,https://place.map.kakao.com/1788947995,"
서울 관악구 신림동길 26
(지번) 신림동 1458
"
속초면옥 보라매점,0.0,0,https://place.map.kakao.com/27404158,"
서울 동작구 보라매로5가길 16
(지번) 신대방동 395-69
"
송주불냉면,0.0,0,https://place.map.kakao.com/1553053508,"
서울 금천구 독산로40길 36
(지번) 시흥동 805-33
"
얼음골칡냉면,0.0,0,https://place.map.kakao.com/605548755,"
서울 강서구 곰달래로 236
(지번) 화곡동 793
"
일호면옥,3.9,72,https://place.map.kakao.com/27593981,"
서울 영등포구 의사당대로 127 상가 1층 110호
(지번) 여의도동 36
"
평가옥 여의도점,2.9,25,https://place.map.kakao.com/25539357,"
서울 영등포구 여의대방로 379 제일빌딩 지하1층 10~12호
(지번) 여의도동 44-35
"
난향면옥,5.0,3,https://place.map.kakao.com/1629736739,"
서울 관악구 난향길 12 1층
(지번) 신림동 676-35
"
용천칡냉면,5.0,3,https://place.map.kakao.com/814844894,"
서울 양천구 월정로17길 3 1층
(지번) 신월동 236-9
"
신나주곰탕설렁탕&냉면,0.0,0,https://place.map.kakao.com/696918958,"
서울 강서구 곰달래로 138
(지번) 화곡동 897-16
"
함흥면가,0.0,0,https://place.map.kakao.com/156624552,"
서울 관악구 봉천로 209
(지번) 봉천동 729-22
"
천지면옥,2.5,42,https://place.map.kakao.com/1120797404,"
서울 영등포구 국회대로 800 여의도파라곤 1층 101~103호
(지번) 여의도동 13
"
평래옥 여의도직영점,2.4,6,https://place.map.kakao.com/497010494,"
서울 영등포구 국제금융로2길 24 BNK금융타워 2층 3,4호
(지번) 여의도동 23-10
"
칠보면옥 여의도전경련회관점,4.0,3,https://place.map.kakao.com/1132504918,"
서울 영등포구 여의대로 24
(지번) 여의도동 28-1
"
평양관,3.7,46,https://place.map.kakao.com/370214335,"
서울 영등포구 국제금융로 112 상아빌딩 지하 1층 5,6호
(지번) 여의도동 53-11
"
모래내냉면,0.0,0,https://place.map.kakao.com/27381831,"
서울 관악구 신림로66길 12
(지번) 신림동 1421-60
"
냉면돈까스먹고갈래,0.0,0,https://place.map.kakao.com/118589039,"
서울 강서구 곰달래로 138
(지번) 화곡동 897-16
"
청수냉면,0.0,0,https://place.map.kakao.com/13293885,"
서울 양천구 목동서로 57 현대파리지앙1층
(지번) 목동 907-10
"
가평 잣냉면 보라매동점,0.0,0,https://place.map.kakao.com/13305338,"
서울 관악구 보라매로2길 2
(지번) 보라매동 703-23
"
막불감동 본점,0.0,0,https://place.map.kakao.com/1357474150,"
서울 관악구 남부순환로 1599 지하1층
(지번) 신림동 1433-60
"
철우냉면,5.0,0,https://place.map.kakao.com/15797987,"
서울 영등포구 선유로47길 16
(지번) 양평동4가 81
"
산천칡냉면 1996,2.3,0,https://place.map.kakao.com/1958046384,"
서울 관악구 문성로38길 6
(지번) 신림동 1633
"
냉면엔고기어때 금천점,0.0,0,https://place.map.kakao.com/557152707,"
서울 금천구 시흥대로54길 32 1층
(지번) 시흥동 887
"
판동면옥 여의도점,4.5,25,https://place.map.kakao.com/160976068,"
서울 영등포구 은행로 37
(지번) 여의도동 13
"
을밀대 본점,4.1,761,https://place.map.kakao.com/25048467,"
서울 마포구 숭문길 24
(지번) 염리동 147-6
"
가평잣냉면 서원동점,0.0,0,https://place.map.kakao.com/13301682,"
서울 관악구 신림로59길 15-16
(지번) 서원동 1638-12
"
심가면옥,3.0,11,https://place.map.kakao.com/16527144,"
서울 관악구 신림로 121
(지번) 신림동 269-9
"
왕세숫대야냉면돈까스,3.9,28,https://place.map.kakao.com/16878058,"
서울 강서구 공항대로 423
(지번) 등촌동 655-37
"
대호정갈비냉면,0.0,0,https://place.map.kakao.com/262954376,"
서울 금천구 시흥대로52길 51
(지번) 시흥동 889-2
"
왕냉면앤왕돈가스 역곡점,2.1,2,https://place.map.kakao.com/15672508,"
경기 부천시 경인로 536
(지번) 괴안동 168
"
평양냉면 대동관 강서점,3.5,21,https://place.map.kakao.com/26779187,"
서울 강서구 우장산로 120 1,2층
(지번) 화곡동 1103
"
송주불냉면 옥길점,0.0,0,https://place.map.kakao.com/691620545,"
경기 부천시 양지로 205 145-6호
(지번) 옥길동 793-2
"
아소정,3.5,255,https://place.map.kakao.com/7990640,"
서울 마포구 백범로25길 9
(지번) 염리동 149-9
"
봉천함흥냉면,3.5,11,https://place.map.kakao.com/303545597,"
서울 관악구 은천로2길 35
(지번) 봉천동 951-23
"
능라도 마포점,2.9,17,https://place.map.kakao.com/1305698221,"
서울 마포구 마포대로 25
(지번) 마포동 33-1
"
명가냉면,3.4,25,https://place.map.kakao.com/16073611,"
서울 강서구 화곡로 277 경일빌딩 1층
(지번) 화곡동 986-16
"
제주산방식당 오투테라스점,2.3,12,https://place.map.kakao.com/2106014799,"
서울 영등포구 의사당대로 83 오투타워 지하1층 B104호
(지번) 여의도동 23-6
"
능라도 마곡점,3.3,98,https://place.map.kakao.com/1663795948,"
서울 강서구 마곡동로 56 건와빌딩 2층 202,203호
(지번) 마곡동 797-6
"
손선호 웰빙 함흥냉면,3.6,14,https://place.map.kakao.com/16476458,"
경기 부천시 경인로 492
(지번) 괴안동 109-4
"
육쌈냉면 역곡점,1.7,10,https://place.map.kakao.com/19478827,"
경기 부천시 부일로 743
(지번) 역곡동 82-8
"
삼막칡냉면 안양점,4.1,66,https://place.map.kakao.com/26875026,"
경기 안양시 만안구 삼막로39번길 39 2층
(지번) 석수동 59-5
"
송주불냉면 봉천1점,5.0,0,https://place.map.kakao.com/486857843,"
서울 관악구 은천로5길 3
(지번) 봉천동 955-56
"
심가면옥,3.0,20,https://place.map.kakao.com/9180874,"
경기 부천시 소사로 697 MG새마을금고빌딩 B동 1,2층
(지번) 원종동 376-2
"
유가네칡냉면,0.0,0,https://place.map.kakao.com/13276382,"
서울 금천구 독산로 50
(지번) 시흥5동 908-14
"
하연옥 마포점,3.1,129,https://place.map.kakao.com/1898143409,"
서울 마포구 동교로 136 1층 101호
(지번) 서교동 464-59
"
호원냉면&수제돈가스,3.4,35,https://place.map.kakao.com/16961466,"
경기 부천시 소사로 217
(지번) 소사본동 140-19
"
최가네수제냉면돈가스,4.3,2,https://place.map.kakao.com/2083115612,"
서울 관악구 서림길 22 1층
(지번) 신림동 96-38
"
국보급냉면,0.0,1,https://place.map.kakao.com/2112744830,"
서울 강서구 가로공원로76가길 53
(지번) 화곡동 366-16
"
이조면옥,2.5,127,https://place.map.kakao.com/10759001,"
서울 강서구 양천로 353
(지번) 가양동 138-11
"
서경도락 마포점,2.9,43,https://place.map.kakao.com/1130498627,"
서울 마포구 삼개로 21
(지번) 도화동 204-9
"
오감면옥 IFC몰점,3.7,37,https://place.map.kakao.com/2121781497,"
서울 영등포구 국제금융로 10 L3
(지번) 여의도동 23
"
이촌동면옥 이촌직영점,3.2,27,https://place.map.kakao.com/370129620,"
서울 용산구 이촌로54길 17 1, 2층
(지번) 이촌동 302-90
"
상도동함흥면옥,3.4,5,https://place.map.kakao.com/1623820062,"
서울 동작구 상도로 219 1층
(지번) 상도동 26-11
"
평안도상원냉면,4.0,98,https://place.map.kakao.com/628981699,"
서울 마포구 양화로 156 LG팰리스빌딩 지하1층 134호
(지번) 동교동 165-8
"
한주면옥,2.4,7,https://place.map.kakao.com/10925094,"
서울 영등포구 63로 45
(지번) 여의도동 50
"
오박사냉면,4.4,108,https://place.map.kakao.com/21311947,"
경기 부천시 신흥로 7
(지번) 심곡본동 532-1
"
육쌈냉면 화곡점,3.7,13,https://place.map.kakao.com/24346976,"
서울 강서구 강서로 171
(지번) 화곡동 1065-31
"
송주불냉면 시흥은행나무점,3.0,0,https://place.map.kakao.com/16938029,"
서울 금천구 금하로24길 34
(지번) 시흥동 918-13
"
청량리할머니냉면,4.3,32,https://place.map.kakao.com/19208851,"
경기 부천시 부천로40번길 26
(지번) 심곡동 163-22
"
미가면옥,4.5,11,https://place.map.kakao.com/333960443,"
서울 관악구 관악로 246 1층
(지번) 봉천동 37-86
"
진달래카페&밀면,4.9,17,https://place.map.kakao.com/15678043,"
경기 부천시 소사로 482 1층
(지번) 춘의동 8
"
유천냉면 봉천점,3.2,32,https://place.map.kakao.com/8051274,"
서울 관악구 쑥고개로 104 1층
(지번) 봉천동 1574-15
"
산천칡냉면전문,4.4,52,https://place.map.kakao.com/10435803,"
서울 동작구 사당로12길 2 2층
(지번) 사당동 250-7
"
고려왕갈비탕함흥냉면,4.2,1,https://place.map.kakao.com/18484223,"
서울 강서구 우현로 12 1층 3호
(지번) 화곡동 83-14
"
정인면옥,3.1,47,https://place.map.kakao.com/755120516,"
경기 부천시 부흥로 347 B동 1층
(지번) 심곡동 72-5
"
강서칡냉면,3.6,9,https://place.map.kakao.com/957718645,"
서울 강서구 공항대로81길 5 1층
(지번) 염창동 282-10
"
왕세숫대야냉면왕돈까스 서울대점,3.4,20,https://place.map.kakao.com/17736582,"
서울 관악구 쑥고개로 122 대원빌딩 1층
(지번) 봉천동 1572-1
"
북녘식당친친,3.7,33,https://place.map.kakao.com/1197754887,"
서울 마포구 연남로7길 24 1층
(지번) 연남동 370-30
"
얼큰이왕냉면,4.6,10,https://place.map.kakao.com/16846659,"
서울 마포구 희우정로 76
(지번) 망원동 396-5
"
오감만족 함흥냉면&돈까스,0.0,0,https://place.map.kakao.com/19364805,"
경기 부천시 부일로 753
(지번) 역곡동 111-9
"
함흥냉면,3.8,14,https://place.map.kakao.com/16883945,"
서울 관악구 봉천로 586
(지번) 봉천동 1630-4
"
이천면옥함흥냉면,1.9,10,https://place.map.kakao.com/8557258,"
서울 용산구 이촌로 105
(지번) 한강로3가 40-879
"
신우리냉면,4.0,13,https://place.map.kakao.com/25068727,"
경기 부천시 까치로6번길 7-4 1층
(지번) 작동 427-5
"
숙천함흥관,5.0,2,https://place.map.kakao.com/241354658,"
서울 강서구 공항대로71길 49 송촌스페이스향 1층 1-001호
(지번) 염창동 264-18
"
양천칡냉면,0.0,0,https://place.map.kakao.com/348287960,"
서울 양천구 월정로 133 1층
(지번) 신월동 116-41
"
신라면옥,1.8,1,https://place.map.kakao.com/26971351,"
서울 용산구 원효로 69
(지번) 원효로4가 127-2
"
화곡강산면옥,3.0,0,https://place.map.kakao.com/2113364497,"
서울 강서구 화곡로26길 6
(지번) 화곡동 1074-31
"
오천눈꽃냉면,3.0,0,https://place.map.kakao.com/20056940,"
서울 관악구 신림로18가길 9
(지번) 신림동 117-8
"
손가면옥 본점,2.3,55,https://place.map.kakao.com/7961207,"
경기 부천시 신흥로 313
(지번) 약대동 169-48
"
송주불냉면&칼국수,3.3,6,https://place.map.kakao.com/299045487,"
경기 광명시 기아로 18 1층
(지번) 소하동 1240
"
오성면옥 본점,0.0,0,https://place.map.kakao.com/2014363063,"
서울 금천구 탑골로 15
(지번) 시흥동 827-23
"
부자왕만두냉면,3.2,0,https://place.map.kakao.com/350659478,"
서울 동작구 노량진로 110 1층
(지번) 노량진동 41-5
"
육쌈냉면 홍대1호점,,11,https://place.map.kakao.com/8037752,"
서울 마포구 어울마당로 76 2층
(지번) 서교동 364-18
"
손수면옥,1.4,0,https://place.map.kakao.com/766124226,"
서울 영등포구 국제금융로 10 국제금융센터 지하 3층
(지번) 여의도동 23-1
"
천수냉면 노량진점,4.2,3,https://place.map.kakao.com/1100695883,"
서울 동작구 만양로14길 22
(지번) 노량진동 210-8
"
꼬기냉면 부천심곡점,0.0,38,https://place.map.kakao.com/27492328,"
경기 부천시 부천로85번길 22
(지번) 심곡동 114-6
"
장승칡냉면&장족,5.0,3,https://place.map.kakao.com/1800416593,"
서울 동작구 상도로34길 3 1층
(지번) 상도동 29-1
"
보은면옥,0.0,0,https://place.map.kakao.com/13092254,"
서울 영등포구 국회대로72길 22
(지번) 여의도동 14-13
"
청송함흥냉면전문점 본관,3.6,100,https://place.map.kakao.com/8088062,"
서울 서대문구 연희맛로 6 1층
(지번) 연희동 193-6
"
시장냉면,4.7,3,https://place.map.kakao.com/2081655649,"
서울 마포구 와우산로29라길 11 지하 1층
(지번) 서교동 334-21
"
대동관,4.4,11,https://place.map.kakao.com/745047863,"
서울 마포구 모래내로7길 62 1층
(지번) 성산동 138-4
"
한솔냉면,5.0,0,https://place.map.kakao.com/22191318,"
서울 영등포구 여의대로 108 더현대서울 지하1층
(지번) 여의도동 22
"
유정우함흥냉면,4.0,49,https://place.map.kakao.com/12045926,"
서울 동작구 동작대로29다길 7-1
(지번) 사당동 91-3
"
송주불냉면 원미점,4.2,3,https://place.map.kakao.com/13568581,"
경기 부천시 조종로 6
(지번) 원미동 134-1
"
삼복냉면가돈까스 역곡점,1.0,0,https://place.map.kakao.com/9117540,"
경기 부천시 부일로685번길 45
(지번) 역곡동 35-1
"
안영자면옥,3.3,19,https://place.map.kakao.com/74610229,"
서울 강서구 마곡중앙4로 22 파인스퀘어 A동 1층 101,102호
(지번) 마곡동 799-11
"
천수냉면,0.0,0,https://place.map.kakao.com/1918761788,"
서울 강서구 등촌로51나길 5-17
(지번) 등촌동 366
"
육쌈냉면 낙성대점,1.3,12,https://place.map.kakao.com/23483822,"
서울 관악구 남부순환로 1888 1층
(지번) 봉천동 1662-13
"
평택고여사집냉면,4.0,36,https://place.map.kakao.com/10161291,"
서울 서대문구 연희로 81-9 1층
(지번) 연희동 193-13
"
육쌈냉면 홍대2호점,,12,https://place.map.kakao.com/13133907,"
서울 마포구 와우산로23길 35 2층
(지번) 서교동 345-27
"
의정부평양면옥 마곡본점,3.8,21,https://place.map.kakao.com/1462046162,"
서울 강서구 마곡중앙6로 45 리더스퀘어 2층 207호
(지번) 마곡동 772-5
"
선조백설렁탕선조냉면,0.0,0,https://place.map.kakao.com/1670973934,"
서울 강서구 강서로34길 41
(지번) 화곡동 1056
"
함경면옥,2.3,54,https://place.map.kakao.com/100802108,"
서울 용산구 한강대로7길 17-4
(지번) 한강로3가 40
"
속초털보회냉면,5.0,2,https://place.map.kakao.com/16762208,"
서울 강서구 강서로45길 18
(지번) 내발산동 722-16
"
팔당냉면 강서점,1.0,0,https://place.map.kakao.com/530693502,"
서울 강서구 화곡로21길 71
(지번) 화곡동 1168
"
개성칡냉면,5.0,0,https://place.map.kakao.com/1954093748,"
경기 부천시 원종로51번길 22 1층
(지번) 원종동 275
"
산까치냉면,3.3,39,https://place.map.kakao.com/19153287,"
서울 마포구 도화길 35
(지번) 도화동 179-1
"
유원냉면,4.2,0,https://place.map.kakao.com/1098515374,"
서울 마포구 월드컵북로5나길 18 대우미래사랑 1층 101호
(지번) 서교동 487
"
인생냉면,0.0,0,https://place.map.kakao.com/1509883553,"
서울 동작구 상도로 372-3
(지번) 상도동 494-1
"
왕세숫대야냉면 원종점,1.0,0,https://place.map.kakao.com/16159826,"
경기 부천시 소사로 748
(지번) 원종동 281
"
동아냉면 공덕점,2.5,16,https://place.map.kakao.com/1944545774,"
서울 마포구 백범로31길 8 공덕SK리더스뷰 2동 1층 101,102호
(지번) 공덕동 479
"
매콤돈까스&칡냉면,4.1,5,https://place.map.kakao.com/1907092319,"
서울 마포구 방울내로7길 17
(지번) 망원동 436-43
"
화평동왕냉면 시흥3동점,3.0,1,https://place.map.kakao.com/10969583,"
서울 금천구 시흥대로26길 3
(지번) 시흥동 954-13
"
오장동본가면옥,2.3,108,https://place.map.kakao.com/521282981,"
서울 강서구 마곡동로 55 마커스빌딩 1층 103호
(지번) 마곡동 774-12
"
연남옥,0.0,0,https://place.map.kakao.com/1653774927,"
서울 마포구 희우정로 84 1층
(지번) 망원동 396-2
"
오늘칡냉면,0.0,0,https://place.map.kakao.com/85630979,"
서울 금천구 시흥대로 143
(지번) 시흥동 985
"
오장동원산냉면 마곡본점,3.6,9,https://place.map.kakao.com/1744752365,"
서울 강서구 강서로 419 유림트윈파크 1층 101~103호
(지번) 마곡동 793
"
펭귄냉면 본점,0.0,0,https://place.map.kakao.com/53218791,"
서울 강서구 화곡로58길 29
(지번) 화곡동 1115-19
"
광치꼴냉면,4.8,0,https://place.map.kakao.com/15379758,"
경기 부천시 소사로102번길 13
(지번) 소사본동 400-3
"
송주불냉면&칼국수,3.0,2,https://place.map.kakao.com/1971025564,"
경기 광명시 일직로 22
(지번) 일직동 509
"
이박사냉명&왕만두,0.0,0,https://place.map.kakao.com/1805525483,"
경기 부천시 고리울로52번길 14
(지번) 고강동 389-4
"
대한냉면 강서점,0.0,1,https://place.map.kakao.com/489490687,"
서울 강서구 까치산로 151 1층 102호
(지번) 화곡동 1122-1
"
종가삼막칡냉면 광명역점,5.0,3,https://place.map.kakao.com/178330274,"
경기 광명시 양지로 11
(지번) 일직동 512
"
소사신냉면,0.0,0,https://place.map.kakao.com/1805361629,"
경기 부천시 소사로 207
(지번) 소사본동 152-16
"
화평동왕냉면,0.0,0,https://place.map.kakao.com/8655179,"
경기 부천시 안곡로 46
(지번) 괴안동 89-1
"
송주불냉면 부천남부점,5.0,10,https://place.map.kakao.com/874809518,"
경기 부천시 성주로270번길 12
(지번) 심곡본동 731-3
"
가평잣냉면 청룡동점,0.0,0,https://place.map.kakao.com/13303608,"
서울 관악구 남부순환로214길 29
(지번) 청룡동 881-17
"
오장동흥남집 스타필드시티 부천점,2.5,0,https://place.map.kakao.com/1817027392,"
경기 부천시 옥길로 1 4층
(지번) 옥길동 768
"
함경면옥,4.6,6,https://place.map.kakao.com/1296870666,"
경기 부천시 중동로254번길 78 1층
(지번) 중동 1143-3
"
우주옥,,75,https://place.map.kakao.com/1837400931,"
서울 마포구 동교로50길 11 지하 2호
(지번) 연남동 224-6
"
냉면과파전나라,0.0,0,https://place.map.kakao.com/22045875,"
경기 부천시 고리울로40번길 13-16
(지번) 고강동 388-4
"
솔청면옥 서울대역점,0.0,0,https://place.map.kakao.com/21441603,"
서울 관악구 남부순환로 1820
(지번) 봉천동 862-1
"
설쌈냉면 숭실대점,3.0,0,https://place.map.kakao.com/1399466256,"
서울 동작구 사당로 20 2층 201호
(지번) 상도동 505-6
"
어머니밥상,0.0,2,https://place.map.kakao.com/16968552,"
경기 부천시 소사로794번길 9
(지번) 원종동 231-9
"
고쌈냉면,0.0,0,https://place.map.kakao.com/16164612,"
경기 부천시 고강로98번길 43
(지번) 고강동 319
"
냉면장인임사부 강서점,0.0,1,https://place.map.kakao.com/908405886,"
서울 강서구 화곡로44길 12
(지번) 화곡동 24-36
"
깃발냉면,2.8,0,https://place.map.kakao.com/1459618221,"
서울 마포구 와우산로11길 9-8
(지번) 상수동 93-107
"
도담,5.0,2,https://place.map.kakao.com/845940322,"
서울 동작구 사당로16가길 90 1층
(지번) 사당동 223-6
"
코다리아저씨냉면,4.0,0,https://place.map.kakao.com/1847687076,"
서울 강서구 강서로47길 30 1층
(지번) 내발산동 680-8
"
무지식당,4.2,8,https://place.map.kakao.com/21218312,"
경기 시흥시 금오로 131-1
(지번) 무지내동 282-2
"
속초코다리냉면,3.5,5,https://place.map.kakao.com/19359724,"
경기 부천시 신흥로 190 위브더스테이트 상가1동 225~227호
(지번) 중동 1106
"
산정냉면,4.0,0,https://place.map.kakao.com/9122580,"
서울 동작구 서달로10길 16
(지번) 흑석동 86-34
"
송주불냉면 왕돈가스,2.0,1,https://place.map.kakao.com/1741889436,"
서울 마포구 신촌로18길 21
(지번) 노고산동 57-44
"
도연면옥,1.0,1,https://place.map.kakao.com/19101079,"
경기 부천시 소삼로 26
(지번) 소사본동 139
"
오복함흥냉면,3.2,216,https://place.map.kakao.com/15338847,"
서울 용산구 한강대로84길 4
(지번) 남영동 61-3
"
연남골목냉면,0.0,1,https://place.map.kakao.com/1967004966,"
서울 마포구 잔다리로 118
(지번) 서교동 457
"
육쌈냉면 신촌점,1.6,21,https://place.map.kakao.com/27594293,"
서울 서대문구 연세로 19 지하 1층
(지번) 창천동 31-45
"
천하장사냉면굴전문 시흥본점,2.3,52,https://place.map.kakao.com/16940612,"
경기 시흥시 대은로 12-1
(지번) 은행동 555-2
"
천수냉면 관악점,0.0,1,https://place.map.kakao.com/582860704,"
서울 관악구 청림2길 36
(지번) 봉천동 37
"
육쌈냉면 신중동점,2.6,8,https://place.map.kakao.com/27479114,"
경기 부천시 중동로248번길 122 황룡빌딩 1층
(지번) 중동 1136
"
소바애 화곡점,,0,https://place.map.kakao.com/1645962619,"
서울 강서구 화곡로13길 52 1층
(지번) 화곡동 1041
"
코다리냉면 홍대점,0.0,0,https://place.map.kakao.com/26874436,"
서울 마포구 홍익로 10 서교푸르지오
(지번) 서교동 486
"
고메구락부,0.0,0,https://place.map.kakao.com/1640293922,"
서울 마포구 와우산로17길 19-5
(지번) 서교동 409-18
"
한설면옥,5.0,2,https://place.map.kakao.com/51034857,"
경기 광명시 일직로 43 지하 2층 G206호
(지번) 일직동 514
"
화평동 왕세숫대야냉면 원미점,0.0,0,https://place.map.kakao.com/13297894,"
경기 부천시 조마루로 421
(지번) 원미동 36-1
"
당주당냉면 화곡점,0.0,1,https://place.map.kakao.com/1788444909,"
서울 강서구 화곡로21길 71
(지번) 화곡동 1168
"
산골녹차냉면 본점,3.4,21,https://place.map.kakao.com/13096291,"
서울 용산구 효창원로 147 1층
(지번) 효창동 5-327
"
냉면을부탁해 마곡직영점,0.0,1,https://place.map.kakao.com/1935583902,"
서울 강서구 공항대로 213 보타닉파크타워2차 1층 110호
(지번) 마곡동 727-1128
"
인생냉면,0.0,0,https://place.map.kakao.com/590461144,"
서울 강서구 화곡로50길 28
(지번) 화곡동 975-13
"
바보국밥냉면,0.0,0,https://place.map.kakao.com/27281400,"
서울 마포구 와우산로23길 9
(지번) 서교동 344-6
"
고집냉면,0.0,0,https://place.map.kakao.com/43941824,"
경기 부천시 원미로131번길 6
(지번) 원미동 78-14
"
찬우물냉면,0.0,0,https://place.map.kakao.com/16543669,"
경기 부천시 소사로 150
(지번) 소사본동 216-29
"
삼복가 본점,3.9,16,https://place.map.kakao.com/21320810,"
경기 부천시 수도로 21
(지번) 약대동 139-3
"
빙하시대,0.0,0,https://place.map.kakao.com/2104937765,"
경기 부천시 부천로86번길 64 1층
(지번) 심곡동 123
"
이수면옥,3.8,15,https://place.map.kakao.com/27282095,"
서울 동작구 동작대로 123
(지번) 사당동 134-3
"
대한칡냉면,0.0,0,https://place.map.kakao.com/1594133052,"
경기 부천시 부천로53번길 22 1층
(지번) 심곡동 354-11
"
송주불냉면 약대점,4.5,8,https://place.map.kakao.com/1115643651,"
경기 부천시 도약로 239
(지번) 약대동 176-3
"
옛촌칡냉면,2.5,2,https://place.map.kakao.com/965478689,"
서울 용산구 서빙고로 36 1~2층
(지번) 한강로3가 65-372
"
육각수 냉면,0.0,0,https://place.map.kakao.com/23029975,"
서울 강서구 강서로 263-24
(지번) 내발산동 717-24
"
쌈신랭면 발산점,0.0,1,https://place.map.kakao.com/1760153433,"
서울 강서구 강서로47나길 8
(지번) 내발산동 699-17
"
동아냉면 숙대2호점,3.5,41,https://place.map.kakao.com/15754874,"
서울 용산구 청파로45길 20
(지번) 청파동3가 24-24
"
서초면옥 본점,2.3,52,https://place.map.kakao.com/24726061,"
서울 서초구 동광로 97 1층
(지번) 방배동 797-19
"
참야콘왕냉면갈비 맛고을,0.0,0,https://place.map.kakao.com/20941997,"
서울 용산구 한강대로15길 33-20
(지번) 한강로3가 40-499
"
육쌈냉면 이수점,1.2,10,https://place.map.kakao.com/17023422,"
서울 동작구 동작대로27다길 2
(지번) 사당동 139-19
"
칡냉면갈매기살,0.0,5,https://place.map.kakao.com/315844511,"
경기 부천시 수도로 219
(지번) 내동 354
"
하연옥 용산직영점,3.5,11,https://place.map.kakao.com/1638766254,"
서울 용산구 한강대로40가길 42 2층
(지번) 한강로2가 49-1
"
솔미냉면,0.0,0,https://place.map.kakao.com/2068877781,"
경기 부천시 조종로20번길 33
(지번) 원미동 147-2
"
진함흥면옥,4.5,2,https://place.map.kakao.com/11925444,"
서울 마포구 효창목길 30 인재빌딩
(지번) 공덕동 111-337
"
경복궁함흥냉면,5.0,10,https://place.map.kakao.com/1970806474,"
서울 동작구 동작대로27길 16-7
(지번) 사당동 130-13
"
냉면장인임사부 염리점,0.0,0,https://place.map.kakao.com/430943145,"
서울 마포구 백범로17길 14
(지번) 염리동 178-10
"
냉면&만두,0.0,0,https://place.map.kakao.com/754121549,"
경기 부천시 부천로47번길 9
(지번) 심곡동 194
"
화평동곱배기냉면,0.0,0,https://place.map.kakao.com/8170061,"
경기 부천시 계남로 273
(지번) 중동 1073-20
"
오장동설렁탕 수함흥냉면,3.8,2,https://place.map.kakao.com/11916650,"
경기 안양시 만안구 예술공원로131번길 8
(지번) 석수동 820
"
송주불냉면 방화점,4.7,8,https://place.map.kakao.com/15099308,"
서울 강서구 방화동로 49
(지번) 방화동 614-45
"
독도얼큰이,0.0,0,https://place.map.kakao.com/1728743492,"
서울 용산구 원효로 141 1층
(지번) 원효로3가 43-17
"
청풍칡냉면,0.0,4,https://place.map.kakao.com/21331327,"
서울 마포구 월드컵북로38길 45
(지번) 중동 48-21
"
수라면옥 연희점,4.0,12,https://place.map.kakao.com/1657202685,"
서울 서대문구 연희로25길 81
(지번) 연희동 89-31
"
대한면옥 신촌점,0.0,0,https://place.map.kakao.com/1968607396,"
서울 서대문구 연세로5나길 47 102호
(지번) 창천동 62-48
"
육쌈냉면 이대점,3.7,9,https://place.map.kakao.com/27594271,"
서울 서대문구 이화여대길 76
(지번) 대현동 34-34
"
최원재함흥냉면,3.0,8,https://place.map.kakao.com/202810956,"
서울 강서구 양천로30길 123-9 상가동 105호
(지번) 마곡동 423
"
고래냉면,0.0,0,https://place.map.kakao.com/861444631,"
경기 부천시 원미로 58-7
(지번) 소사동 3
"
다래냉면,0.0,0,https://place.map.kakao.com/14651062,"
서울 서대문구 신촌로 83 신촌현대백화점 10층
(지번) 창천동 30-33
"
육쌈냉면,0.0,0,https://place.map.kakao.com/1560519841,"
서울 강서구 공항대로 269-15
(지번) 마곡동 797
"
정재영냉면,0.0,0,https://place.map.kakao.com/1688408356,"
경기 부천시 부천로410번길 39
(지번) 내동 329-1
"
효가옥,2.8,5,https://place.map.kakao.com/1057437620,"
서울 용산구 효창원로 177-15 1층
(지번) 효창동 3
"
혼밥숯불냉면&숯불삼겹살,0.0,0,https://place.map.kakao.com/2087053693,"
경기 부천시 성주로243번길 43
(지번) 심곡본동 649
"
세숫대야왕냉면,5.0,1,https://place.map.kakao.com/21329678,"
서울 서대문구 수색로2길 7 1층
(지번) 남가좌동 291-58
"
화평동왕냉면돈까스,3.6,2,https://place.map.kakao.com/355254581,"
서울 관악구 승방3길 1 1층
(지번) 남현동 602-238
"
냉면제면소,4.0,10,https://place.map.kakao.com/1452868503,"
경기 시흥시 대골안길 83-1 1층
(지번) 대야동 499-14
"
흥미면옥,4.6,10,https://place.map.kakao.com/1999359775,"
서울 서초구 방배로 242 1층
(지번) 방배동 773-7
"
동춘칡냉면,0.0,1,https://place.map.kakao.com/10287303,"
경기 시흥시 복지로99번길 16
(지번) 대야동 349-6
"
한솔냉면 신촌점,5.0,0,https://place.map.kakao.com/21394692,"
서울 서대문구 신촌로 83
(지번) 창천동 30-33
"
송주불냉면 석수시장점,0.0,0,https://place.map.kakao.com/2038152268,"
경기 안양시 만안구 양화로234번길 33
(지번) 석수동 286-11
"
소래산면옥,4.0,26,https://place.map.kakao.com/1519216013,"
인천 남동구 만의골로189번길 47
(지번) 장수동 114
"
냉면쟁이 고기꾼 시흥점,0.0,0,https://place.map.kakao.com/1143554824,"
경기 시흥시 수인로3287번길 25-1
(지번) 은행동 105-8
"
육쌈냉면 숙대점,3.3,3,https://place.map.kakao.com/13133901,"
서울 용산구 청파로47가길 7
(지번) 청파동3가 111-59
"
예소원,1.9,3,https://place.map.kakao.com/19013800,"
서울 서대문구 성산로 535
(지번) 대신동 90-6
"
평양냉면&고기한판,1.0,0,https://place.map.kakao.com/839189225,"
경기 부천시 장말로 229-4
(지번) 중동 773-14
"
이베리코와냉면,0.0,0,https://place.map.kakao.com/709577421,"
서울 마포구 월드컵북로 345 상암경동빌딩 1층
(지번) 상암동 37-25
"
고쌈냉면 1호점,3.2,0,https://place.map.kakao.com/11720447,"
서울 서대문구 신촌역로 31
(지번) 대현동 110-1
"
박과장냉면,0.0,0,https://place.map.kakao.com/1650134718,"
서울 마포구 만리재옛길 24-7
(지번) 신공덕동 9-17
"
인생냉면,0.0,0,https://place.map.kakao.com/1142381819,"
서울 마포구 숭문16길 10
(지번) 염리동 9-32
"
죽청냉면 본점,0.0,0,https://place.map.kakao.com/814487011,"
경기 부천시 장말로 312 1층 101호
(지번) 심곡동 327-6
"
영도씨냉면 은행점,0.0,0,https://place.map.kakao.com/822949958,"
경기 시흥시 비둘기공원7길 33
(지번) 대야동 543-2
"
비비물랭 은행점,0.0,0,https://place.map.kakao.com/834093851,"
경기 시흥시 비둘기공원7길 33
(지번) 대야동 543-2
"
삼부자밀냉면,5.0,0,https://place.map.kakao.com/24766589,"
경기 부천시 성주로 139
(지번) 송내동 611-3
"
민옥,1.8,107,https://place.map.kakao.com/931276302,"
서울 용산구 이태원로 8 1, 2층
(지번) 한강로1가 104-1
"
동아냉면,2.6,78,https://place.map.kakao.com/7839404,"
서울 용산구 우사단로 5
(지번) 보광동 265-576
"
개성면옥 박달점,3.5,11,https://place.map.kakao.com/8702805,"
경기 안양시 만안구 박달로 579 2층
(지번) 안양2동 693-2
"
부원면옥,3.2,159,https://place.map.kakao.com/7914330,"
서울 중구 남대문시장4길 41-6 부원상가 2층
(지번) 남창동 47-10
"
설악냉면,0.0,1,https://place.map.kakao.com/13290777,"
서울 용산구 임정로 93
(지번) 효창동 3-59
"
서관면옥,4.0,148,https://place.map.kakao.com/34321780,"
서울 서초구 서초대로56길 11 1층
(지번) 서초동 1675-5
"
개성칡냉면,0.0,0,https://place.map.kakao.com/1603937273,"
경기 부천시 부흥로272번길 42
(지번) 중동 1203-9
"
할매냉면 박달점,5.0,15,https://place.map.kakao.com/21231870,"
경기 안양시 만안구 양화로 120
(지번) 박달동 20-34
"
남포면옥,2.8,335,https://place.map.kakao.com/21232315,"
서울 중구 을지로3길 24
(지번) 다동 121-4
"
진미평양냉면,3.6,899,https://place.map.kakao.com/27584230,"
서울 강남구 학동로 305-3 정각빌딩 1층
(지번) 논현동 115-10
"
설눈,3.9,123,https://place.map.kakao.com/1495657850,"
서울 서초구 서초대로46길 20-7 영토빌딩 1층
(지번) 서초동 1551-9
"
153수냉면,4.8,1,https://place.map.kakao.com/21330187,"
서울 강서구 방화동로3길 4
(지번) 방화2동 620-34
"
우래옥 본점,4.0,897,https://place.map.kakao.com/8025375,"
서울 중구 창경궁로 62-29
(지번) 주교동 118-1
"
배무진함흥냉면,4.6,9,https://place.map.kakao.com/98118334,"
서울 서초구 서초대로24길 40 1층
(지번) 방배동 935-26
"
옥천냉면 생바지락 칼국수,0.0,0,https://place.map.kakao.com/1251787058,"
경기 부천시 소향로 149
(지번) 중동 1160
"
미슐냉면,0.0,0,https://place.map.kakao.com/1132707578,"
서울 마포구 숭문16길 10
(지번) 염리동 9-32
"
필동면옥,3.7,555,https://place.map.kakao.com/11231325,"
서울 중구 서애로 26
(지번) 필동3가 1-5
"
서래말면옥집,3.4,27,https://place.map.kakao.com/811131394,"
서울 서초구 사평대로26길 47 2층
(지번) 반포동 72-10
"
오장동함흥냉면,2.5,218,https://place.map.kakao.com/20747449,"
서울 중구 마른내로 108
(지번) 오장동 90-10
"
평양면옥,3.3,450,https://place.map.kakao.com/13093208,"
서울 중구 장충단로 207
(지번) 장충동1가 13
"
소문난냉면,0.0,0,https://place.map.kakao.com/20534164,"
서울 서대문구 거북골로 210
(지번) 북가좌동 317-28
"
오장동흥남집 본점,3.6,272,https://place.map.kakao.com/8174854,"
서울 중구 마른내로 114
(지번) 오장동 101-7
"
평래옥,2.9,228,https://place.map.kakao.com/12106466,"
서울 중구 마른내로 21-1
(지번) 저동2가 18-1
"
천수냉면 북아현점,3.0,1,https://place.map.kakao.com/56413160,"
서울 서대문구 북아현로1가길 20 101엠동 B108호
(지번) 북아현동 1013
"
관악관,4.0,94,https://place.map.kakao.com/8658634,"
경기 안양시 동안구 평촌대로 367 1층
(지번) 비산동 1027
"
북한아지매함흥냉면,3.0,0,https://place.map.kakao.com/1619218147,"
서울 마포구 월드컵북로 502
(지번) 상암동 1740
"
유진식당,3.5,200,https://place.map.kakao.com/8041476,"
서울 종로구 종로17길 40
(지번) 낙원동 221
"
능라도 강남점,3.8,125,https://place.map.kakao.com/27261403,"
서울 강남구 삼성로 534 싹아트센터 1층
(지번) 삼성동 151-7
"
성북동면옥집,3.0,252,https://place.map.kakao.com/27226419,"
서울 성북구 대사관로 40
(지번) 성북동 330-105
"
속초냉면&얼큰국밥,0.0,0,https://place.map.kakao.com/1369058465,"
경기 시흥시 신천로100번길 36
(지번) 신천동 782
"
피양옥,3.5,188,https://place.map.kakao.com/2111300834,"
서울 강남구 삼성로133길 14 1층 101호
(지번) 청담동 32-6
"
강남면옥 신사점,3.3,91,https://place.map.kakao.com/8163082,"
서울 강남구 논현로152길 34 1층
(지번) 신사동 588-9
"
을밀대 강남점,3.3,186,https://place.map.kakao.com/12418029,"
서울 강남구 테헤란로4길 46 지하1층
(지번) 역삼동 826-37
"
유달구고기주는냉면집 예술공원점,0.0,0,https://place.map.kakao.com/1955793377,"
경기 안양시 만안구 예술공원로 204
(지번) 안양동 1361-4
"
송주 불냉면&수제왕돈까스 안양본점,4.0,12,https://place.map.kakao.com/17174682,"
경기 안양시 만안구 안양로257번길 14
(지번) 안양동 627-43
"
평양면옥,3.1,95,https://place.map.kakao.com/8130016,"
서울 강남구 논현로150길 6
(지번) 논현동 66-2
"
냉면장인임사부 방배점,0.0,0,https://place.map.kakao.com/194160520,"
서울 서초구 서초대로1길 19
(지번) 방배동 3016
"
동아냉면 이태원점,2.8,191,https://place.map.kakao.com/11326921,"
서울 용산구 대사관로 45-1
(지번) 한남동 657-43
"
해주냉면,3.4,412,https://place.map.kakao.com/25049102,"
서울 송파구 백제고분로7길 8-16 1층
(지번) 잠실동 195-9
"
강남면옥 명동점,3.5,52,https://place.map.kakao.com/25733230,"
서울 중구 명동7길 8 미래빌딩 5층
(지번) 명동1가 48-3
"
청와면옥함흥냉면,0.0,0,https://place.map.kakao.com/16049203,"
서울 서대문구 응암로 94
(지번) 북가좌동 293-4
"
유천냉면,1.0,2,https://place.map.kakao.com/1645104717,"
서울 강서구 하늘길 112 김포공항 국내선청사 1층
(지번) 공항동 1373
"
강남면옥 정동점,3.2,48,https://place.map.kakao.com/18438679,"
서울 종로구 새문안로 38
(지번) 신문로2가 12-5
"
반룡산,3.8,135,https://place.map.kakao.com/10406623,"
서울 강남구 테헤란로78길 26 1층
(지번) 대치동 894-4
"
서초면옥 서초본점,3.5,39,https://place.map.kakao.com/11892071,"
서울 서초구 반포대로28길 46 우진빌딩 1층
(지번) 서초동 1557-7
"
강서면옥,2.2,21,https://place.map.kakao.com/8157826,"
서울 중구 세종대로11길 35
(지번) 서소문동 120-15
"
인하칡냉면,0.0,0,https://place.map.kakao.com/488101218,"
경기 시흥시 호현로49번안길 4-1
(지번) 대야동 484-12
"
명동함흥면옥 본점,3.6,57,https://place.map.kakao.com/7871208,"
서울 중구 명동10길 35-19
(지번) 명동2가 26-1
"
평가옥 광화문점,3.1,54,https://place.map.kakao.com/12713358,"
서울 종로구 새문안로5길 19 로얄빌딩 지하1층
(지번) 당주동 5
"
강남면옥 성수점,2.9,98,https://place.map.kakao.com/20304491,"
서울 성동구 성수일로 77
(지번) 성수동1가 13-171
"
김인옥의 충정로함흥냉면,4.0,11,https://place.map.kakao.com/15930544,"
서울 서대문구 충정로 7 구세군빌딩 지하2층
(지번) 충정로3가 476
"
봉피양 양재점,2.6,37,https://place.map.kakao.com/1521115021,"
서울 서초구 강남대로 283 남성빌딩 1층
(지번) 서초동 1357-33
"
봉가진면옥,2.7,37,https://place.map.kakao.com/10459955,"
경기 안양시 동안구 평촌대로427번길 27 1,2층
(지번) 비산동 1015-3
"
해민면옥,4.1,119,https://place.map.kakao.com/1978940733,"
인천 부평구 부평대로38번길 4 1층
(지번) 부평동 212-33
"
압구정면옥,4.1,110,https://place.map.kakao.com/1224432398,"
서울 강남구 압구정로30길 16 1층
(지번) 신사동 610-3
"
동인면옥,4.7,6,https://place.map.kakao.com/1709186611,"
경기 부천시 송내대로 13
(지번) 송내동 708-10
"
낙산냉면,2.3,152,https://place.map.kakao.com/11021281,"
서울 종로구 지봉로5길 8 1,2층
(지번) 창신동 81-8
"
의정부평양면옥,4.1,71,https://place.map.kakao.com/10886792,"
서울 서초구 강남대로93길 28
(지번) 잠원동 29-23
"
을밀대 무교점,3.4,112,https://place.map.kakao.com/34535267,"
서울 중구 남대문로9길 40 센터플레이스 지하1층 101~104호
(지번) 다동 155
"
서북면옥,3.7,303,https://place.map.kakao.com/7939102,"
서울 광진구 자양로 199-1
(지번) 구의동 80-47
"
태백산칡냉면,0.0,0,https://place.map.kakao.com/16803540,"
경기 부천시 경인로92번길 89
(지번) 송내동 439-1
"
할머니냉면,3.6,188,https://place.map.kakao.com/10926416,"
서울 동대문구 왕산로37길 51
(지번) 제기동 470
"
마스터석쇠불고기&냉면,0.0,0,https://place.map.kakao.com/1174720932,"
경기 부천시 중동로443번길 10
(지번) 삼정동 297-3
"
상동냉면,0.0,0,https://place.map.kakao.com/2139199163,"
경기 부천시 부일로297번길 10
(지번) 상동 317
"
속초코다리냉면 김포공항점,1.5,2,https://place.map.kakao.com/990599914,"
서울 강서구 방화동 886 롯데백화점 지하2층

"
수정냉면,4.3,43,https://place.map.kakao.com/16096296,"
인천 남동구 용천로17번길 40
(지번) 구월동 1211-6
"
효면옥,2.6,16,https://place.map.kakao.com/8621601,"
서울 은평구 증산로 429
(지번) 신사동 34-8
"
부평막국수,3.6,104,https://place.map.kakao.com/8365264,"
인천 부평구 부평대로63번길 10-8
(지번) 부평동 529-96
"
능라도 광화문점,2.7,40,https://place.map.kakao.com/502145879,"
서울 종로구 새문안로3길 15 동원빌딩 3층
(지번) 당주동 128-27
"
오장동흥남집 김포공항롯데몰점,2.0,8,https://place.map.kakao.com/623322247,"
서울 강서구 하늘길 38 GF층(지하2층)
(지번) 방화동 886
"
냉면엔고기어때,0.0,0,https://place.map.kakao.com/1161125378,"
서울 서대문구 가재울로4길 13
(지번) 남가좌동 73-350
"
대한냉면고기친구,0.0,0,https://place.map.kakao.com/589224585,"
경기 부천시 석천로 105
(지번) 중동 1173
"
평양면옥 도곡점,2.6,86,https://place.map.kakao.com/23995572,"
서울 강남구 논현로28길 28
(지번) 도곡동 423-15
"
강남면옥 인사동점,2.9,29,https://place.map.kakao.com/14599963,"
서울 종로구 인사동길 18 1층
(지번) 인사동 36-1
"
왕냉면,3.7,1,https://place.map.kakao.com/15382263,"
경기 안양시 만안구 양화로 118-4
(지번) 박달동 20-45
"
함흥본가면옥 건대점,3.3,85,https://place.map.kakao.com/10921559,"
서울 광진구 광나루로 456
(지번) 화양동 302-25
"
백령면옥,3.6,202,https://place.map.kakao.com/10393075,"
인천 미추홀구 석정로 226
(지번) 도화동 90-9
"
함흥냉면,0.0,0,https://place.map.kakao.com/16472424,"
서울 서대문구 증가로 123
(지번) 남가좌동 338-1
"
진남포면옥,3.4,89,https://place.map.kakao.com/8076538,"
서울 중구 다산로 108 청라빌딩 2,3층
(지번) 신당동 368-89
"
능라도 본점,3.1,200,https://place.map.kakao.com/14747791,"
경기 성남시 분당구 산운로32번길 12
(지번) 운중동 883-3
"
신천함흥냉면 신천점,3.7,0,https://place.map.kakao.com/26798888,"
경기 시흥시 수인로3395번길 39 1층
(지번) 신천동 839-1
"
봉피양 방이점 본관,3.8,158,https://place.map.kakao.com/8364935,"
서울 송파구 양재대로71길 5
(지번) 방이동 205
"
변가네옹진냉면,3.7,107,https://place.map.kakao.com/8454303,"
인천 미추홀구 한나루로586번길 92
(지번) 주안동 509-13
"
육쌈냉면 상동점,3.6,12,https://place.map.kakao.com/13076243,"
경기 부천시 길주로121번길 17-28 국천빌딩 101호
(지번) 상동 536-8
"
평가옥 반포점,2.9,30,https://place.map.kakao.com/11896017,"
서울 서초구 사평대로 353
(지번) 반포동 746-5
"
강서면옥 압구정점,3.7,82,https://place.map.kakao.com/8177726,"
서울 강남구 언주로164길 19 1,2층
(지번) 신사동 645-30
"
석천칡냉면,0.0,0,https://place.map.kakao.com/10485558,"
경기 부천시 중동로71번길 78
(지번) 송내동 363-6
"
평양냉면,0.0,0,https://place.map.kakao.com/25835216,"
경기 안양시 만안구 박달로545번길 60
(지번) 안양동 823-18
"
백면옥평양냉면 연수본점,4.1,75,https://place.map.kakao.com/1206312766,"
인천 연수구 먼우금로222번길 41 파티마오피스텔 1층
(지번) 연수동 593-9
"
속초코다리냉면,4.0,4,https://place.map.kakao.com/1792185945,"
경기 부천시 길주로 118 홈플러스 부천상동점 1층
(지번) 상동 540-1
"
강남면옥 대치점,2.4,26,https://place.map.kakao.com/8734422,"
서울 강남구 도곡로 428
(지번) 대치동 1023-4
"
경인면옥,3.8,182,https://place.map.kakao.com/10180951,"
인천 중구 신포로46번길 38 1,2층
(지번) 내동 154
"
평가옥 역삼점,3.3,36,https://place.map.kakao.com/22424660,"
서울 강남구 논현로 519 1층, 지하1층
(지번) 역삼동 641-8
"
류경회관,3.9,52,https://place.map.kakao.com/1187457527,"
서울 강남구 논현로71길 18 신성타워 1층
(지번) 역삼동 790-17
"
별미칡냉면,2.9,118,https://place.map.kakao.com/22675607,"
인천 부평구 주부토로145번길 28
(지번) 갈산동 377-8
"
을밀대컵냉면 역삼점,2.9,52,https://place.map.kakao.com/904910835,"
서울 강남구 논현로85길 52 역삼푸르지오시티 207호
(지번) 역삼동 735-17
"
장금이네냉면한식전문점,0.0,0,https://place.map.kakao.com/672814417,"
경기 안양시 만안구 예술공원로 12
(지번) 안양동 819-3
"
함경면옥,2.0,73,https://place.map.kakao.com/11199542,"
서울 동대문구 왕산로 87
(지번) 제기동 1158-49
"
고자리냉면 본점,3.0,199,https://place.map.kakao.com/176214584,"
경기 고양시 덕양구 호국로 915-45
(지번) 성사동 624-5
"
강남면옥 신천점,2.2,38,https://place.map.kakao.com/26781958,"
서울 송파구 올림픽로8길 21 성지빌딩 1,2층
(지번) 잠실동 193-9
"
경성옥 서초본점,3.3,5,https://place.map.kakao.com/850257034,"
서울 서초구 서초중앙로26길 3 청림빌딩 1층
(지번) 서초동 1699-15
"
한교방서울면옥,2.8,59,https://place.map.kakao.com/1428563543,"
서울 강남구 학동로45길 8 2층
(지번) 논현동 117-8
"
함흥면옥 압구정점,3.7,48,https://place.map.kakao.com/16617268,"
서울 강남구 논현로 826
(지번) 신사동 592-4
"
차고집 칡냉면&자가제면 칼국수,5.0,1,https://place.map.kakao.com/2062117157,"
서울 서대문구 명지대길 83 1층 105호
(지번) 남가좌동 3
"
오복정,4.0,23,https://place.map.kakao.com/27359765,"
서울 종로구 창신길 101
(지번) 창신동 633-5
"
안양열무냉면,3.3,10,https://place.map.kakao.com/1342384648,"
경기 안양시 만안구 장내로99번길 28 1층
(지번) 안양동 711-31
"
우밀면옥 교대점,1.4,24,https://place.map.kakao.com/831266504,"
서울 서초구 법원로2길 15 길도빌딩 1층 104호
(지번) 서초동 1713-4
"
평양냉면,3.5,64,https://place.map.kakao.com/13323543,"
서울 동대문구 홍릉로 14-3
(지번) 청량리동 299
"
경평면옥,3.9,54,https://place.map.kakao.com/1252572990,"
서울 강남구 삼성로104길 12
(지번) 삼성동 152
"
능라도 명동점,3.5,44,https://place.map.kakao.com/275730749,"
서울 중구 명동길 1-8
(지번) 명동1가 72
"
영동냉면,3.9,61,https://place.map.kakao.com/21529194,"
서울 서초구 신반포로 177 반포쇼핑 3동 지하1층
(지번) 잠원동 75-23
"
봉산평양냉면,4.1,51,https://place.map.kakao.com/225009338,"
서울 강남구 학동로1길 21 영진빌딩 1층
(지번) 논현동 49-8
"
함흥곰보냉면,2.0,30,https://place.map.kakao.com/8146505,"
서울 종로구 창경궁로 109 세운스퀘어 라이프관 401호
(지번) 인의동 112-14
"
펭귄냉면 서초직영점,5.0,0,https://place.map.kakao.com/168717657,"
서울 서초구 효령로31길 38
(지번) 방배동 910
"
이가면옥,4.1,35,https://place.map.kakao.com/11975982,"
서울 종로구 자하문로1길 33
(지번) 필운동 205-1
"
평양냉면칼국수,3.0,2,https://place.map.kakao.com/21383940,"
경기 부천시 상동로 90
(지번) 상동 541-1
"
한솔냉면,0.0,0,https://place.map.kakao.com/24126398,"
경기 부천시 길주로 180
(지번) 중동 1164
"
냉면장인임사부,0.0,1,https://place.map.kakao.com/1679636987,"
서울 서대문구 가재울로6길 53-36
(지번) 남가좌동 338-58
"
더진미평냉,3.8,41,https://place.map.kakao.com/722848172,"
서울 서초구 서초중앙로 58 피앤디 솔로빌 지하2층
(지번) 서초동 1623-3
"
소문난팔당냉면,3.4,49,https://place.map.kakao.com/13561152,"
경기 고양시 덕양구 고양대로 1588
(지번) 성사동 290-1
"
신해주냉면,5.0,12,https://place.map.kakao.com/448675715,"
경기 안양시 만안구 양화로37번길 11
(지번) 안양동 957-3
"
소사면옥,3.9,79,https://place.map.kakao.com/713564462,"
서울 광진구 능동로 270 윤중빌딩 1층
(지번) 능동 283-7
"
황산냉면,4.3,92,https://place.map.kakao.com/17079277,"
서울 송파구 가락로 257
(지번) 방이동 136-9
"
함흥에겨울냉면,2.4,77,https://place.map.kakao.com/8608759,"
서울 중구 동호로24길 21
(지번) 장충동2가 187-14
"
솔안면옥,0.0,0,https://place.map.kakao.com/105006611,"
경기 부천시 석천로25번길 42
(지번) 상동 440-11
"
옥류관 안양점,2.2,8,https://place.map.kakao.com/8026765,"
경기 안양시 동안구 시민대로 266 샤르망오피스텔 2층 201-203호
(지번) 관양동 1598
"
구기동면옥,3.4,6,https://place.map.kakao.com/1824332493,"
서울 종로구 진흥로 480 2층
(지번) 신영동 254
"
우리냉면 홍제점,4.3,19,https://place.map.kakao.com/16904406,"
서울 서대문구 통일로39가길 1
(지번) 홍제동 330-241
"
평양면옥 신세계백화점 강남점,2.3,13,https://place.map.kakao.com/814030750,"
서울 서초구 신반포로 176 11층
(지번) 반포동 19-3
"
대치동함흥면옥,3.0,38,https://place.map.kakao.com/21444915,"
서울 강남구 도곡로 424 지산빌딩 1층
(지번) 대치동 1023-2
"
육쌈냉면 안양역점,2.1,13,https://place.map.kakao.com/13133884,"
경기 안양시 만안구 안양로304번길 15
(지번) 안양동 674-66
"
우밀면옥 상록점,1.8,9,https://place.map.kakao.com/6201670,"
서울 강남구 역삼동 701 지하1층

"
